{"cameraMode":{"drawMode":0,"name":"Shaded","section":"Shading Mode"},"sceneLighting":true,"audioPlay":false,"sceneViewState":{"showFog":true,"showMaterialUpdate":false,"showSkybox":true,"showFlares":true,"showImageEffects":true,"showParticleSystems":true},"in2DMode":false,"pivot":{"x":0.07138168811798096,"y":3.275390625,"z":5.80917501449585},"rotation":{"x":0.10382598638534546,"y":-0.5287681818008423,"z":0.06536870449781418,"w":0.839851975440979},"size":5.939003944396973,"orthographic":true}
