{"cameraMode":{"drawMode":0,"name":"Shaded","section":"Shading Mode"},"sceneLighting":true,"audioPlay":false,"sceneViewState":{"showFog":true,"showMaterialUpdate":false,"showSkybox":true,"showFlares":true,"showImageEffects":true,"showParticleSystems":true},"in2DMode":false,"pivot":{"x":-0.8546142578125,"y":1.9344940185546876,"z":-0.458984375},"rotation":{"x":-0.023914212360978128,"y":-0.08327767997980118,"z":-0.0019991518929600717,"w":0.9962374567985535},"size":3.3993618488311769,"orthographic":true}