{"cameraMode":{"drawMode":0,"name":"Shaded","section":"Shading Mode"},"sceneLighting":false,"audioPlay":false,"sceneViewState":{"showFog":true,"showMaterialUpdate":false,"showSkybox":true,"showFlares":true,"showImageEffects":true,"showParticleSystems":true},"in2DMode":false,"pivot":{"x":0.08129099756479263,"y":0.4904186427593231,"z":-0.2326434850692749},"rotation":{"x":-0.000027000047339242883,"y":0.9999719262123108,"z":-0.004499851260334253,"w":-0.0059999036602675919},"size":1.6416583061218262,"orthographic":false}