{"cameraMode":{"drawMode":0,"name":"Shaded","section":"Shading Mode"},"sceneLighting":true,"audioPlay":false,"sceneViewState":{"showFog":true,"showMaterialUpdate":false,"showSkybox":true,"showFlares":true,"showImageEffects":true,"showParticleSystems":true},"in2DMode":false,"pivot":{"x":-3.130859375,"y":3.4962158203125,"z":3.9324951171875},"rotation":{"x":0.02777048572897911,"y":0.6578080058097839,"z":-0.024282921105623246,"w":0.7522817254066467},"size":12.016027450561524,"orthographic":true}