{"cameraMode":{"drawMode":0,"name":"Shaded","section":"Shading Mode"},"sceneLighting":true,"audioPlay":false,"sceneViewState":{"showFog":true,"showMaterialUpdate":false,"showSkybox":true,"showFlares":true,"showImageEffects":true,"showParticleSystems":true},"in2DMode":false,"pivot":{"x":0.02469700574874878,"y":2.4157962799072267,"z":0.7471423149108887},"rotation":{"x":0.10169747471809387,"y":-0.13979008793830872,"z":0.014435130171477795,"w":0.9848390817642212},"size":3.030031204223633,"orthographic":false}