{"cameraMode":{"drawMode":0,"name":"Shaded","section":"Shading Mode"},"sceneLighting":false,"audioPlay":false,"sceneViewState":{"showFog":true,"showMaterialUpdate":false,"showSkybox":true,"showFlares":true,"showImageEffects":true,"showParticleSystems":true},"in2DMode":false,"pivot":{"x":-1.6479108333587647,"y":1.3600001335144044,"z":-2.2644248008728029},"rotation":{"x":0.005429598968476057,"y":-0.9939753413200378,"z":0.09270716458559036,"w":0.058214299380779269},"size":4.041658401489258,"orthographic":false}