{"cameraMode":{"drawMode":0,"name":"Shaded","section":"Shading Mode"},"sceneLighting":true,"audioPlay":false,"sceneViewState":{"showFog":true,"showMaterialUpdate":false,"showSkybox":true,"showFlares":true,"showImageEffects":true,"showParticleSystems":true},"in2DMode":false,"pivot":{"x":-4.50341796875,"y":1.884765625,"z":5.972412109375},"rotation":{"x":0.13462018966674806,"y":-0.5014526844024658,"z":0.07932883501052857,"w":0.8509580492973328},"size":4.197653770446777,"orthographic":true}