{"cameraMode":{"drawMode":0,"name":"Shaded","section":"Shading Mode"},"sceneLighting":false,"audioPlay":false,"sceneViewState":{"showFog":true,"showMaterialUpdate":false,"showSkybox":true,"showFlares":true,"showImageEffects":true,"showParticleSystems":true},"in2DMode":false,"pivot":{"x":-0.5847553014755249,"y":0.881540834903717,"z":-1.4314372539520264},"rotation":{"x":0.005429598968476057,"y":-0.9939753413200378,"z":0.09270716458559036,"w":0.058214299380779269},"size":5.831910610198975,"orthographic":false}